{
	"format_version": "1.8.0",
	"animations": {
		"animation.melee_4.idle": {
			"loop": true,
			"bones": {
				"leftArm": {
					"rotation": [-50.11416, -3.27871, -14.91965],
					"position": [0, "0.25 * Math.sin(query.life_time * 100)", "0.25 * Math.sin(query.life_time * 100)"]
				},
				"rightArm": {
					"rotation": [-42.47436, -2.04767, 13.56545],
					"position": [0, "0.25 * Math.sin(query.life_time * 100)", "0.25 * Math.sin(query.life_time * 100)"]
				},
				"sword": {
					"rotation": [0, -15, 0]
				}
			}
		},
		"animation.melee_4.attack": {
			"loop": true,
			"animation_length": 0.8333,
			"bones": {
				"leftArm": {
					"rotation": {
						"0.0": [-50.11416, -3.27871, -14.91965],
						"0.0833": {
							"pre": [-12.61416, -3.27871, -14.91965],
							"post": [-12.61416, -3.27871, -14.91965],
							"lerp_mode": "catmullrom"
						},
						"0.7083": {
							"post": [-12.61416, -3.27871, -14.91965],
							"lerp_mode": "catmullrom"
						},
						"0.8333": [-50.11416, -3.27871, -14.91965]
					},
					"position": {
						"0.0": [0, 0, 0],
						"0.8333": [0, 0, 0]
					}
				},
				"rightArm": {
					"rotation": {
						"0.0": [-42.47436, -2.04767, 13.56545],
						"0.0833": {
							"pre": [-67.60526, 29.28237, -41.34571],
							"post": [-67.60526, 29.28237, -41.34571],
							"lerp_mode": "catmullrom"
						},
						"0.25": {
							"post": [-51.16401, -14.1361, -66.85981],
							"lerp_mode": "catmullrom"
						},
						"0.3333": {
							"post": [-51.16401, -14.1361, -66.85981],
							"lerp_mode": "catmullrom"
						},
						"0.4167": [-42.47436, -2.04767, 13.56545],
						"0.5": {
							"pre": [-119.65234, -24.71426, 105.38675],
							"post": [-119.65234, -24.71426, 105.38675],
							"lerp_mode": "catmullrom"
						},
						"0.6667": {
							"post": [-54.83059, -9.40858, 122.83232],
							"lerp_mode": "catmullrom"
						},
						"0.75": {
							"post": [-54.83059, -9.40858, 122.83232],
							"lerp_mode": "catmullrom"
						},
						"0.8333": [-42.47436, -2.04767, 13.56545]
					},
					"position": {
						"0.0": [0, 0, 0],
						"0.4167": [0, 0, 0],
						"0.8333": [0, 0, 0]
					}
				},
				"sword": {
					"rotation": {
						"0.0": [0, -15, 0],
						"0.0833": {
							"pre": [-43.96941, 19.38083, -33.02009],
							"post": [-43.96941, 19.38083, -33.02009],
							"lerp_mode": "catmullrom"
						},
						"0.25": {
							"post": [-105.14078, 27.32898, -98.51115],
							"lerp_mode": "catmullrom"
						},
						"0.3333": {
							"post": [-105.14078, 27.32898, -98.51115],
							"lerp_mode": "catmullrom"
						},
						"0.4167": [0, -15, 0],
						"0.5": {
							"pre": [14.87521, 64.27204, 27.8211],
							"post": [14.87521, 64.27204, 27.8211],
							"lerp_mode": "catmullrom"
						},
						"0.6667": {
							"post": [-22.79864, 71.09957, -13.64546],
							"lerp_mode": "catmullrom"
						},
						"0.75": {
							"post": [-22.79864, 71.09957, -13.64546],
							"lerp_mode": "catmullrom"
						},
						"0.8333": [0, -15, 0]
					}
				}
			}
		},
		"animation.melee_4.attack_big": {
			"loop": true,
			"animation_length": 0.9167,
			"bones": {
				"leftArm": {
					"rotation": {
						"0.0": [-50.11416, -3.27871, -14.91965],
						"0.0833": {
							"pre": [-15.11416, -3.27871, -14.91965],
							"post": [-15.11416, -3.27871, -14.91965],
							"lerp_mode": "catmullrom"
						},
						"0.6667": {
							"post": [-15.11416, -3.27871, -14.91965],
							"lerp_mode": "catmullrom"
						},
						"0.9167": [-50.11416, -3.27871, -14.91965]
					},
					"position": {
						"0.0": [0, 0, 0],
						"0.9167": [0, 0, 0]
					}
				},
				"rightArm": {
					"rotation": {
						"0.0": [-42.47436, -2.04767, 13.56545],
						"0.25": {
							"pre": [-99.99933, 47.86467, 28.25642],
							"post": [-99.99933, 47.86467, 28.25642],
							"lerp_mode": "catmullrom"
						},
						"0.4167": {
							"post": [-99.99933, 47.86467, 28.25642],
							"lerp_mode": "catmullrom"
						},
						"0.6667": {
							"post": [-72.8778, -13.74941, 4.74962],
							"lerp_mode": "catmullrom"
						},
						"0.8333": {
							"post": [-72.8778, -13.74941, 4.74962],
							"lerp_mode": "catmullrom"
						},
						"0.9167": [-42.47436, -2.04767, 13.56545]
					},
					"position": {
						"0.0": [0, 0, 0],
						"0.9167": [0, 0, 0]
					}
				},
				"sword": {
					"rotation": {
						"0.0": [0, -15, 0],
						"0.25": {
							"pre": [0, 67.5, -17.5],
							"post": [0, 67.5, -17.5],
							"lerp_mode": "catmullrom"
						},
						"0.4167": {
							"post": [0, 67.5, -17.5],
							"lerp_mode": "catmullrom"
						},
						"0.6667": {
							"post": [-27.16355, 80.68747, -28.90096],
							"lerp_mode": "catmullrom"
						},
						"0.8333": {
							"post": [-27.16355, 80.68747, -28.90096],
							"lerp_mode": "catmullrom"
						},
						"0.9167": [0, -15, 0]
					},
					"position": {
						"0.6667": {
							"pre": [0, 0, 0],
							"post": [0, 0, 0],
							"lerp_mode": "catmullrom"
						},
						"0.8333": {
							"post": [0, 0, 0],
							"lerp_mode": "catmullrom"
						}
					}
				}
			}
		},
		"animation.melee_4.idle.1st": {
			"loop": true,
			"bones": {
				"leftArm": {
					"rotation": {
						"0.0": {
							"post": [145.10257, -2.86544, 25.90082],
							"lerp_mode": "catmullrom"
						}
					},
					"position": {
						"0.0": {
							"post": [
								"-18 + 0.25 * Math.sin(query.life_time * 100)",
								"-7 + 0.25 * Math.sin(query.life_time * 100)",
								"10 + 0.25 * Math.sin(query.life_time * 100)"
							],
							"lerp_mode": "catmullrom"
						}
					}
				},
				"rightArm": {
					"rotation": {
						"0.0": {
							"post": [137.52717, 1.68868, -28.15627],
							"lerp_mode": "catmullrom"
						}
					},
					"position": {
						"0.0": {
							"post": ["23 - 0.25 * Math.sin(query.life_time * 100)", "-7 + 0.25 * Math.sin(query.life_time * 100)", "8 + 0.25 * Math.sin(query.life_time * 100)"],
							"lerp_mode": "catmullrom"
						}
					}
				},
				"sword": {
					"rotation": [130.24161, -57.66425, 49.55213],
					"position": [-0.5, -0.5, 1]
				}
			}
		},
		"animation.melee_4.attack.1st": {
			"loop": true,
			"animation_length": 0.83333,
			"bones": {
				"leftArm": {
					"rotation": {
						"0.0": [145.10257, -2.86544, 25.90082],
						"0.0833": {
							"pre": [82.60257, -2.86544, 25.90082],
							"post": [82.60257, -2.86544, 25.90082],
							"lerp_mode": "catmullrom"
						},
						"0.7083": {
							"post": [82.60257, -2.86544, 25.90082],
							"lerp_mode": "catmullrom"
						},
						"0.8333": [145.10257, -2.86544, 25.90082]
					},
					"position": {
						"0.0": [-18, -7, 10],
						"0.8333": [-18, -7, 10]
					}
				},
				"rightArm": {
					"rotation": {
						"0.0": [137.52717, 1.68868, -28.15627],
						"0.0833": {
							"pre": [117.87459, 38.99675, 61.01853],
							"post": [117.87459, 38.99675, 61.01853],
							"lerp_mode": "catmullrom"
						},
						"0.25": {
							"post": [36.92009, -54.04392, 70.2575],
							"lerp_mode": "catmullrom"
						},
						"0.3333": {
							"post": [28.01497, -41.32961, 82.20658],
							"lerp_mode": "catmullrom"
						},
						"0.4167": [137.52717, 1.68868, -28.15627],
						"0.5": {
							"pre": [171.55087, 5.62256, -111.55086],
							"post": [171.55087, 5.62256, -111.55086],
							"lerp_mode": "catmullrom"
						},
						"0.6667": {
							"post": [9.05087, 5.62256, -111.55086],
							"lerp_mode": "catmullrom"
						},
						"0.75": {
							"post": [9.05087, 5.62256, -111.55086],
							"lerp_mode": "catmullrom"
						},
						"0.8333": [137.52717, 1.68868, -28.15627]
					},
					"position": {
						"0.0": [23, -7, 8],
						"0.0833": [27.5, -6, 8],
						"0.25": {
							"pre": [16, -5, 8],
							"post": [16, -5, 8],
							"lerp_mode": "catmullrom"
						},
						"0.3333": {
							"post": [16, -5, 8],
							"lerp_mode": "catmullrom"
						},
						"0.4167": [23, -7, 8],
						"0.5": {
							"pre": [20, -7, 8],
							"post": [20, -7, 8],