{
	"format_version": "1.8.0",
	"animations": {
		"animation.melee_3.idle": {
			"loop": true,
			"bones": {
				"leftArm": {
					"rotation": [-30.13821, -1.82591, -13.16968],
					"position": [0, "0.25 * Math.sin(query.life_time * 100)", "0.25 * Math.sin(query.life_time * 100)"]
				},
				"rightArm": {
					"rotation": [-25.08692, 1.41997, 14.00409],
					"position": [0, "0.25 * Math.sin(query.life_time * 100)", "0.25 * Math.sin(query.life_time * 100)"]
				},
				"shovel": {
					"rotation": [-27.06827, -14.95569, -48.43387],
					"position": [0, -1, 0]
				}
			}
		},
		"animation.melee_3.attack": {
			"loop": true,
			"animation_length": 1.9167,
			"bones": {
				"leftArm": {
					"rotation": {
						"0.0": [-30.13821, -1.82591, -13.16968],
						"0.2083": {
							"pre": [-10.13821, -1.82591, -13.16968],
							"post": [-10.13821, -1.82591, -13.16968],
							"lerp_mode": "catmullrom"
						},
						"1.75": {
							"post": [-10.13821, -1.82591, -13.16968],
							"lerp_mode": "catmullrom"
						},
						"1.9167": [-30.13821, -1.82591, -13.16968]
					},
					"position": {
						"0.0": [0, 0, 0],
						"1.9167": [0, 0, 0]
					}
				},
				"rightArm": {
					"rotation": {
						"0.0": [-25.08692, 1.41997, 14.00409],
						"0.2083": {
							"pre": [-93.51257, 3.86471, -5.86879],
							"post": [-93.51257, 3.86471, -5.86879],
							"lerp_mode": "catmullrom"
						},
						"0.4167": {
							"post": [-93.51257, 3.86471, -5.86879],
							"lerp_mode": "catmullrom"
						},
						"0.625": {
							"post": [-14.39234, 1.88279, -23.27914],
							"lerp_mode": "catmullrom"
						},
						"0.7917": {
							"post": [-14.39234, 1.88279, -23.27914],
							"lerp_mode": "catmullrom"
						},
						"0.9583": [-25.08692, 1.41997, 14.00409],
						"1.1667": {
							"pre": [-102.50271, -0.86818, 31.35521],
							"post": [-102.50271, -0.86818, 31.35521],
							"lerp_mode": "catmullrom"
						},
						"1.375": {
							"post": [-102.50271, -0.86818, 31.35521],
							"lerp_mode": "catmullrom"
						},
						"1.5833": {
							"post": [-0.00271, -0.86818, 31.35521],
							"lerp_mode": "catmullrom"
						},
						"1.75": {
							"post": [-0.00271, -0.86818, 31.35521],
							"lerp_mode": "catmullrom"
						},
						"1.9167": [-25.08692, 1.41997, 14.00409]
					},
					"position": {
						"0.0": [0, 0, 0],
						"0.9583": [0, 0, 0],
						"1.9167": [0, 0, 0]
					}
				},
				"shovel": {
					"rotation": {
						"0.0": [-27.06827, -14.95569, -48.43387],
						"0.2083": {
							"pre": [-3.69712, 5.20938, -58.50456],
							"post": [-3.69712, 5.20938, -58.50456],
							"lerp_mode": "catmullrom"
						},
						"0.4167": {
							"post": [-3.69712, 5.20938, -58.50456],
							"lerp_mode": "catmullrom"
						},
						"0.625": {
							"post": [-10.8984, 19.43971, -119.17602],
							"lerp_mode": "catmullrom"
						},
						"0.9583": [-27.06827, -14.95569, -48.43387],
						"1.1667": {
							"pre": [-3.69712, 5.20938, -58.50456],
							"post": [-3.69712, 5.20938, -58.50456],
							"lerp_mode": "catmullrom"
						},
						"1.375": {
							"post": [-3.69712, 5.20938, -58.50456],
							"lerp_mode": "catmullrom"
						},
						"1.5833": {
							"post": [13.73232, 17.59213, -50.16886],
							"lerp_mode": "catmullrom"
						},
						"1.9167": [-27.06827, -14.95569, -48.43387]
					},
					"position": {
						"0.0": [0, -1, 0],
						"0.9583": [0, -1, 0],
						"1.9167": [0, -1, 0]
					}
				}
			}
		},
		"animation.melee_3.attack_big": {
			"loop": true,
			"animation_length": 1.7917,
			"bones": {
				"leftArm": {
					"rotation": {
						"0.0": [-30.13821, -1.82591, -13.16968],
						"0.5": {
							"pre": [-122.66784, 41.32554, -46.0776],
							"post": [-122.66784, 41.32554, -46.0776],
							"lerp_mode": "catmullrom"
						},
						"1.375": {
							"post": [-122.66784, 41.32554, -46.0776],
							"lerp_mode": "catmullrom"
						},
						"1.5833": {
							"post": [-54.16602, 72.88463, -44.0122],
							"lerp_mode": "catmullrom"
						},
						"1.6667": {
							"post": [-54.16602, 72.88463, -44.0122],
							"lerp_mode": "catmullrom"
						},
						"1.7917": [-30.13821, -1.82591, -13.16968]
					},
					"position": {
						"0.0": [0, 0, 0],
						"1.7917": [0, 0, 0]
					}
				},
				"rightArm": {
					"rotation": {
						"0.0": [-25.08692, 1.41997, 14.00409],
						"0.5": {
							"pre": [-109.81227, -2.17739, -25.84133],
							"post": [-109.81227, -2.17739, -25.84133],
							"lerp_mode": "catmullrom"
						},
						"1.375": {
							"post": [-109.81227, -2.17739, -25.84133],
							"lerp_mode": "catmullrom"
						},
						"1.5833": {
							"post": [-4.05556, 0.25482, -47.80368],
							"lerp_mode": "catmullrom"
						},
						"1.6667": {
							"post": [-4.05556, 0.25482, -47.80368],
							"lerp_mode": "catmullrom"
						},
						"1.7917": [-25.08692, 1.41997, 14.00409]
					},
					"position": {
						"0.0": [0, 0, 0],
						"1.7917": [0, 0, 0]
					}
				},
				"shovel": {
					"rotation": {
						"0.0": [-27.06827, -14.95569, -48.43387],
						"0.5": {
							"pre": [-15.64262, -15.45533, -52.31008],
							"post": [-15.64262, -15.45533, -52.31008],
							"lerp_mode": "catmullrom"
						},
						"1.375": {
							"post": [-15.64262, -15.45533, -52.31008],
							"lerp_mode": "catmullrom"
						},
						"1.5833": {
							"post": [-8.30028, 16.90518, -80.80756],
							"lerp_mode": "catmullrom"
						},
						"1.6667": {
							"post": [-8.30028, 16.90518, -80.80756],
							"lerp_mode": "catmullrom"
						},
						"1.7917": [-27.06827, -14.95569, -48.43387]
					},
					"position": {
						"0.0": [0, -1, 0],
						"1.7917": [0, -1, 0]
					}
				}
			}
		},
		"animation.melee_3.idle.1st": {
			"loop": true,
			"bones": {
				"leftArm": {
					"rotation": {
						"0.0": {
							"post": [140, 0, 30],
							"lerp_mode": "catmullrom"
						}
					},
					"position": {
						"0.0": {
							"post": [
								"-20 + 0.25 * Math.sin(query.life_time * 100)",
								"-8 + 0.25 * Math.sin(query.life_time * 100)",
								"10 + 0.25 * Math.sin(query.life_time * 100)"
							],
							"lerp_mode": "catmullrom"
						}
					}
				},
				"rightArm": {
					"rotation": {
						"0.0": {
							"post": [135, 0, -30],
							"lerp_mode": "catmullrom"
						}
					},
					"position": {
						"0.0": {
							"post": ["21 - 0.25 * Math.sin(query.life_time * 100)", "-8 + 0.25 * Math.sin(query.life_time * 100)", "8 + 0.25 * Math.sin(query.life_time * 100)"],
							"lerp_mode": "catmullrom"
						}
					}
				},
				"shovel": {
					"rotation": [-129.57262, -17.09675, -174.84975],
					"position": [0, 2.5, 0]
				}
			}
		},
		"animation.melee_3.attack.1st": {
			"loop": true,
			"animation_length": 1.91667,
			"bones": {
				"leftArm": {
					"rotation": {
						"0.0": [140, 0, 30],
						"0.2083": {
							"pre": [47.5, 0, 30],
							"post": [47.5, 0, 30],
							"lerp_mode": "catmullrom"
						},
						"1.7917": {
							"post": [47.5, 0, 30],
							"lerp_mode": "catmullrom"
						},
						"1.9167": [140, 0, 30]
					},
					"position": {
						"0.0": [-20, -8, 10],
						"1.9167": [-20, -8, 10]
					}
				},
				"rightArm": {
					"rotation": {
						"0.0": [135, 0, -30],
						"0.2083": {
							"pre": [165.10851, 9.29798, 1.28223],
							"post": [165.10851, 9.29798, 1.28223],
							"lerp_mode": "catmullrom"
						},
						"0.4167": {
							"post": [165.10851, 9.29798, 1.28223],
							"lerp_mode": "catmullrom"
						},
						"0.625": {
							"post": [54.97063, -41.40031, -9.34898],
							"lerp_mode": "catmullrom"
						},
						"0.7917": {
							"post": [54.97063, -41.40031, -9.34898],
							"lerp_mode": "catmullrom"
						},
						"0.9583": [135, 0, -30],
						"1.1667": {
							"pre": [141.59374, 18.02686, -47.899],
							"post": [141.59374, 18.02686, -47.899],
							"lerp_mode": "catmullrom"
						},
						"1.375": {
							"post": [141.59374, 18.02686, -47.899],
							"lerp_mode": "catmullrom"
						},