{
	"format_version": "1.8.0",
	"animations": {
		"animation.melee_5.idle": {
			"loop": true,
			"bones": {
				"leftArm": {
					"rotation": [-29.60382, 5.35355, -6.54138],
					"position": [0, "0.25 * Math.sin(query.life_time * 100)", "0.25 * Math.sin(query.life_time * 100)"]
				},
				"rightArm": {
					"rotation": [-34.79887, -3.45533, 8.33933],
					"position": [0, "0.25 * Math.sin(query.life_time * 100)", "0.25 * Math.sin(query.life_time * 100)"]
				}
			}
		},
		"animation.melee_5.attack": {
			"loop": true,
			"animation_length": 0.5,
			"bones": {
				"leftArm": {
					"rotation": {
						"0.0": [-29.60382, 5.35355, -6.54138],
						"0.0833": {
							"pre": [-15.00104, 1.62193, -13.0604],
							"post": [-15.00104, 1.62193, -13.0604],
							"lerp_mode": "catmullrom"
						},
						"0.2083": {
							"post": [-15.00104, 1.62193, -13.0604],
							"lerp_mode": "catmullrom"
						},
						"0.25": [-29.60382, 5.35355, -6.54138],
						"0.3333": {
							"pre": [-57.21622, -4.61998, -23.89948],
							"post": [-57.21622, -4.61998, -23.89948],
							"lerp_mode": "catmullrom"
						},
						"0.375": {
							"post": [-116.71181, 34.29219, 4.99559],
							"lerp_mode": "catmullrom"
						},
						"0.4583": {
							"post": [-116.71181, 34.29219, 4.99559],
							"lerp_mode": "catmullrom"
						},
						"0.5": [-29.60382, 5.35355, -6.54138]
					},
					"position": {
						"0.0": [0, 0, 0],
						"0.25": [0, 0, 0],
						"0.5": [0, 0, 0]
					}
				},
				"rightArm": {
					"rotation": {
						"0.0": [-34.79887, -3.45533, 8.33933],
						"0.0833": {
							"pre": [-129.37926, 19.66365, 4.13584],
							"post": [-129.37926, 19.66365, 4.13584],
							"lerp_mode": "catmullrom"
						},
						"0.125": {
							"post": [-86.52454, -17.62151, 18.64444],
							"lerp_mode": "catmullrom"
						},
						"0.2083": {
							"post": [-86.52454, -17.62151, 18.64444],
							"lerp_mode": "catmullrom"
						},
						"0.25": [-34.79887, -3.45533, 8.33933],
						"0.3333": {
							"pre": [-22.501, -1.54895, 12.96626],
							"post": [-22.501, -1.54895, 12.96626],
							"lerp_mode": "catmullrom"
						},
						"0.5": [-34.79887, -3.45533, 8.33933]
					},
					"position": {
						"0.0": [0, 0, 0],
						"0.25": [0, 0, 0],
						"0.5": [0, 0, 0]
					}
				}
			}
		},
		"animation.melee_5.attack_big": {
			"loop": true,
			"animation_length": 0.625,
			"bones": {
				"leftArm": {
					"rotation": {
						"0.0": [-29.60382, 5.35355, -6.54138],
						"0.125": {
							"pre": [21.71529, 9.15751, -15.86623],
							"post": [21.71529, 9.15751, -15.86623],
							"lerp_mode": "catmullrom"
						},
						"0.625": [-29.60382, 5.35355, -6.54138]
					},
					"position": {
						"0.0": [0, 0, 0],
						"0.625": [0, 0, 0]
					}
				},
				"rightArm": {
					"rotation": {
						"0.0": [-34.79887, -3.45533, 8.33933],
						"0.125": {
							"pre": [-110.36502, 36.36907, 26.81219],
							"post": [-110.36502, 36.36907, 26.81219],
							"lerp_mode": "catmullrom"
						},
						"0.375": {
							"post": [-110.36502, 36.36907, 26.81219],
							"lerp_mode": "catmullrom"
						},
						"0.4583": {
							"post": [-128.86024, -72.79892, 109.7777],
							"lerp_mode": "catmullrom"
						},
						"0.5417": {
							"post": [-128.86024, -72.79892, 109.7777],
							"lerp_mode": "catmullrom"
						},
						"0.625": [-34.79887, -3.45533, 8.33933]
					},
					"position": {
						"0.0": [0, 0, 0],
						"0.625": [0, 0, 0]
					}
				}
			}
		},
		"animation.melee_5.idle.1st": {
			"loop": true,
			"bones": {
				"leftArm": {
					"rotation": {
						"0.0": {
							"post": [146.74437, 12.70001, 45.57939],
							"lerp_mode": "catmullrom"
						}
					},
					"position": {
						"0.0": {
							"post": [
								"-23 + 0.25 * Math.sin(query.life_time * 100)",
								"-5 + 0.25 * Math.sin(query.life_time * 100)",
								"10 + 0.25 * Math.sin(query.life_time * 100)"
							],
							"lerp_mode": "catmullrom"
						}
					}
				},
				"rightArm": {
					"rotation": {
						"0.0": {
							"post": [158.02028, -9.54574, -38.2638],
							"lerp_mode": "catmullrom"
						}
					},
					"position": {
						"0.0": {
							"post": [
								"22 - 0.25 * Math.sin(query.life_time * 100)",
								"-5 + 0.25 * Math.sin(query.life_time * 100)",
								"10 + 0.25 * Math.sin(query.life_time * 100)"
							],
							"lerp_mode": "catmullrom"
						}
					}
				},
				"fistL": {
					"rotation": [0, 180, 0],
					"position": [-2, 0, 0]
				},
				"fistR": {
					"rotation": [0, 180, 0],
					"position": [2, 0, 0]
				}
			}
		},
		"animation.melee_5.attack.1st": {
			"loop": true,
			"animation_length": 0.5,
			"bones": {
				"leftArm": {
					"rotation": {
						"0.0": [146.74437, 12.70001, 45.57939],
						"0.0833": {
							"pre": [59.24437, 12.70001, 45.57939],
							"post": [59.24437, 12.70001, 45.57939],
							"lerp_mode": "catmullrom"
						},
						"0.2083": {
							"post": [59.24437, 12.70001, 45.57939],
							"lerp_mode": "catmullrom"
						},
						"0.25": [146.74437, 12.70001, 45.57939],
						"0.3333": {
							"pre": [66.15082, 31.23749, 37.42984],
							"post": [66.15082, 31.23749, 37.42984],
							"lerp_mode": "catmullrom"
						},
						"0.375": {
							"post": [169.80874, 29.71629, 20.09667],
							"lerp_mode": "catmullrom"
						},
						"0.4583": {
							"post": [169.80874, 29.71629, 20.09667],
							"lerp_mode": "catmullrom"
						},
						"0.5": [146.74437, 12.70001, 45.57939]
					},
					"position": {
						"0.0": [-23, -5, 10],
						"0.25": [-23, -5, 10],
						"0.3333": {
							"pre": [-23, -5, 10],
							"post": [-23, -5, 10],
							"lerp_mode": "catmullrom"
						},
						"0.375": {
							"post": [-16, 0, 24],
							"lerp_mode": "catmullrom"
						},
						"0.4583": {
							"post": [-16, 0, 24],
							"lerp_mode": "catmullrom"
						},
						"0.5": [-23, -5, 10]
					}
				},
				"rightArm": {
					"rotation": {
						"0.0": [158.02028, -9.54574, -38.2638],
						"0.0833": {
							"pre": [168.84317, -6.23089, -26.09397],
							"post": [168.84317, -6.23089, -26.09397],
							"lerp_mode": "catmullrom"
						},
						"0.125": {
							"post": [105.42677, -16.30408, -14.0476],
							"lerp_mode": "catmullrom"
						},
						"0.2083": {
							"post": [105.42677, -16.30408, -14.0476],
							"lerp_mode": "catmullrom"
						},
						"0.25": [158.02028, -9.54574, -38.2638],
						"0.3333": {
							"pre": [55.52028, -9.54574, -38.2638],
							"post": [55.52028, -9.54574, -38.2638],
							"lerp_mode": "catmullrom"
						},
						"0.4583": {
							"post": [55.52028, -9.54574, -38.2638],
							"lerp_mode": "catmullrom"
						},
						"0.5": [158.02028, -9.54574, -38.2638]
					},
					"position": {
						"0.0": [22, -5, 10],
						"0.0833": {
							"pre": [22, -5, 10],
							"post": [22, -5, 10],
							"lerp_mode": "catmullrom"
						},
						"0.125": {
							"post": [11, -5, 21],
							"lerp_mode": "catmullrom"
						},
						"0.2083": {
							"post": [11, -5, 21],
							"lerp_mode": "catmullrom"
						},
						"0.25": [22, -5, 10],
						"0.5": [22, -5, 10]
					}
				},
				"fistL": {
					"rotation": {
						"0.0": [0, 180, 0],
						"0.25": [0, 180, 0],
						"0.5": [0, 180, 0]
					},
					"position": {
						"0.0": [-2, 0, 0],
						"0.25": [-2, 0, 0],
						"0.5": [-2, 0, 0]
					}
				},
				"fistR": {
					"rotation": {
						"0.0": [0, 180, 0],
						"0.25": [0, 180, 0],
						"0.5": [0, 180, 0]
					},
					"position": {
						"0.0": [2, 0, 0],
						"0.25": [2, 0, 0],
						"0.5": [2, 0, 0]
					}
				}
			}
		},
		"animation.melee_5.attack_big.1st": {
			"loop": true,
			"animation_length": 0.625,
			"bones": {
				"leftArm": {
					"rotation": {
						"0.0": [146.74437, 12.70001, 45.57939],
						"0.125": {
							"pre": [71.74437, 12.70001, 45.57939],
							"post": [71.74437, 12.70001, 45.57939],
							"lerp_mode": "catmullrom"
						},
						"0.5833": {
							"post": [71.74437, 12.70001, 45.57939],